bytes,content-type,elapsed,endpoint,resource,status,entry-date,start-date,end-date
13824,text/plain; charset=utf-8,0.154,3f24e5f4df068cc83e4c7aafc67419aa55b87cddb9d075bb578dc4ba3070908a,61d343a14c9cafde6f71027393468fbd7815ed8c02f3b8bd40316933cb273b50,200,2021-03-24T15:13:27.822874,,
13824,text/plain; charset=utf-8,0.161,3f24e5f4df068cc83e4c7aafc67419aa55b87cddb9d075bb578dc4ba3070908a,61d343a14c9cafde6f71027393468fbd7815ed8c02f3b8bd40316933cb273b50,200,2021-09-10T09:55:00.159447,,
13824,text/plain; charset=utf-8,0.147,3f24e5f4df068cc83e4c7aafc67419aa55b87cddb9d075bb578dc4ba3070908a,61d343a14c9cafde6f71027393468fbd7815ed8c02f3b8bd40316933cb273b50,200,2021-09-11T00:44:10.839407,,
13824,text/plain; charset=utf-8,0.116,3f24e5f4df068cc83e4c7aafc67419aa55b87cddb9d075bb578dc4ba3070908a,61d343a14c9cafde6f71027393468fbd7815ed8c02f3b8bd40316933cb273b50,200,2021-09-12T00:48:09.170048,,
13824,text/plain; charset=utf-8,0.179,3f24e5f4df068cc83e4c7aafc67419aa55b87cddb9d075bb578dc4ba3070908a,61d343a14c9cafde6f71027393468fbd7815ed8c02f3b8bd40316933cb273b50,200,2021-09-13T00:49:08.898039,,
13824,text/plain; charset=utf-8,0.217,3f24e5f4df068cc83e4c7aafc67419aa55b87cddb9d075bb578dc4ba3070908a,61d343a14c9cafde6f71027393468fbd7815ed8c02f3b8bd40316933cb273b50,200,2021-09-14T00:50:43.105855,,
13824,text/plain; charset=utf-8,0.132,3f24e5f4df068cc83e4c7aafc67419aa55b87cddb9d075bb578dc4ba3070908a,61d343a14c9cafde6f71027393468fbd7815ed8c02f3b8bd40316933cb273b50,200,2021-09-15T00:45:40.975410,,
13824,text/plain; charset=utf-8,0.1,3f24e5f4df068cc83e4c7aafc67419aa55b87cddb9d075bb578dc4ba3070908a,61d343a14c9cafde6f71027393468fbd7815ed8c02f3b8bd40316933cb273b50,200,2021-09-16T00:49:35.817350,,
13824,text/plain; charset=utf-8,0.261,3f24e5f4df068cc83e4c7aafc67419aa55b87cddb9d075bb578dc4ba3070908a,61d343a14c9cafde6f71027393468fbd7815ed8c02f3b8bd40316933cb273b50,200,2021-09-17T00:51:39.614599,,
13824,text/plain; charset=utf-8,0.116,3f24e5f4df068cc83e4c7aafc67419aa55b87cddb9d075bb578dc4ba3070908a,61d343a14c9cafde6f71027393468fbd7815ed8c02f3b8bd40316933cb273b50,200,2021-09-18T00:44:57.253743,,
13824,text/plain; charset=utf-8,0.121,3f24e5f4df068cc83e4c7aafc67419aa55b87cddb9d075bb578dc4ba3070908a,61d343a14c9cafde6f71027393468fbd7815ed8c02f3b8bd40316933cb273b50,200,2021-09-19T00:52:32.500856,,
